{
    "dim_x": 3,
    "initial": [
        -13.793058609513304,
        -8.198083431274192,
        39.06604861256139
    ],
    "time_start": 0,
    "time_stop": 5000,
    "time_step": 0.1,
    "sigma": 10.0,
    "rho": 28.0,
    "beta": 2.6666666666666665
  }
