{
    "dim_x": 40,
    "initial": [
        6.939703854817005,
        -1.6501366610000634,
        -5.6081414332577255,
        -0.3191979167943535,
        3.141861484128325,
        5.916006896456953,
        -1.8521033722448026,
        2.673254659262721,
        8.338802281269624,
        0.1308424618768469,
        -5.380938603675256,
        1.896392104991668,
        2.1991062571144644,
        4.639555658520447,
        7.494984171047619,
        -0.145756432176379,
        6.197522729351427,
        8.351350306966157,
        0.6910464128103211,
        -3.125881679808607,
        -0.7592180352386098,
        -3.6622221496127856,
        9.374040764436334,
        4.540680028157524,
        -0.8043205358878648,
        5.035813598500653,
        1.8099880506391546,
        -2.4323184198344188,
        0.6725877205956409,
        7.31007249613249,
        11.282837921296538,
        -0.851277705908211,
        1.929245336684757,
        6.225017768650173,
        3.1789039196710207,
        2.3585816865690292,
        2.3342769139409874,
        -1.3031276271556875,
        1.6648364371935491,
        4.8481933215905135
    ],
    "time_start": 0,
    "time_stop": 5000,
    "forcing_x": 8,
    "t_evaluate": null
}